"Putnam County Airport", "Greencastle"
"Dowagiac Municipal Airport", "Dowagiac"
"Cambridge Municipal Airport", "Cambridge"
"Door County Cherryland Airport", "Sturgeon Bay"
"Shoestring Aviation Airfield", "Stewartstown"
"Eastern Oregon Regional Airport", "Pendleton"
"Tyonek Airport", "Tyonek"
"Riverton Regional", "Riverton WY"
"Montrose Regional Airport", "Montrose CO"
"Clow International Airport", "Bolingbrook"
"Kenosha Regional Airport", "Kenosha"
"North Las Vegas Airport", "Las Vegas"
"Brown County Airport", "Georgetown"
"Grand Geneva Resort Airport", "Lake Geneva"
"De Kalb Taylor Municipal Airport", "De Kalb"
"Purude University Airport", "Lafayette"
"Miami University Airport", "Oxford"
"Delaware County Airport", "Muncie"
"Point Roberts Airpark", "Point Roberts"
"Macomb Municipal Airport", "Macomb"
"Wausau Downtown Airport", "Wausau"
"Portage Municipal Airport", "Portage"
"Gogebic Iron County Airport", "Ironwood"
"Mackinac Island Airport", "Mackinac Island"
"Grand Marais Cook County Airport", "Grand Marais"
"Porter County Municipal Airport", "Valparaiso"
"Silverton", "Silverton"
"McCarthy Airport", "McCarthy"
"Seward Airport", "Seward"
"Michigan City Municipal Airport", "Michigan City"
"East Glacier Park Amtrak Station", "East Glacier"
"Allakaket Airport", "Allakaket"
"Yakutat", "Yakutat"
"Sawyer International Airport", "Marquette"
"Ford Airport", "Iron Mountain"
"Delta County Airport", "Escanaba"
"Williamson Country Regional Airport", "Marion"
"Barter Island Lrrs", "Barter Island"
"Wainwright As", "Fort Wainwright"
"Cape Lisburne Lrrs", "Cape Lisburne"
"Point Lay Lrrs", "Point Lay"
"Hilo Intl", "Hilo"
"Executive", "Orlando"
"Bettles", "Bettles"
"Clear", "Clear Mews"
"Indian Mountain Lrrs", "Indian Mountains"
"Fort Yukon", "Fort Yukon"
"Sparrevohn Lrrs", "Sparrevohn"
"Bryant Ahp", "Fort Richardson"
"Tatalina Lrrs", "Tatalina"
"Cape Romanzof Lrrs", "Cape Romanzof"
"Laurence G Hanscom Fld", "Bedford"
"St Paul Island", "St. Paul Island"
"Cape Newenham Lrrs", "Cape Newenham"
"St George", "Point Barrow"
"Iliamna", "Iliamna"
"Platinum", "Port Moller"
"Big Mountain Afs", "Big Mountain"
"Oscoda Wurtsmith", "Oscoda"
"Marina Muni", "Fort Ord"
"Sacramento Mather", "Sacramento"
"Bicycle Lake Aaf", "Fort Irwin"
"Twentynine Palms Eaf", "Twenty Nine Palms"
"Fort Smith Rgnl", "Fort Smith"
"Merrill Fld", "Anchorage"
"Grants Milan Muni", "Grants"
"Ponca City Rgnl", "Ponca City"
"Hunter Aaf", "Hunter Aaf"
"Grand Forks Intl", "Grand Forks"
"Grider Fld", "Pine Bluff"
"Whiting Fld Nas North", "Milton"
"Hana", "Hana"
"Ernest A Love Fld", "Prescott"
"Trenton Mercer", "Trenton"
"General Edward Lawrence Logan Intl", "Boston"
"Travis Afb", "Fairfield"
"Griffiss Afld", "Rome"
"Wendover", "Wendover"
"Mobile Downtown", "Mobile"
"Metropolitan Oakland Intl", "Oakland"
"Eppley Afld", "Omaha"
"Port Angeles Cgas", "Port Angeles"
"Kahului", "Kahului"
"Wichita Mid Continent", "Wichita"
"Kansas City Intl", "Kansas City"
"Dane Co Rgnl Truax Fld", "Madison"
"Dillingham", "Dillingham"
"Boone Co", "Harrison"
"Phoenix Sky Harbor Intl", "Phoenix"
"Bangor Intl", "Bangor"
"Fort Lauderdale Executive", "Fort Lauderdale"
"East Texas Rgnl", "Longview"
"Anderson Rgnl", "Andersen"
"Spokane Intl", "Spokane"
"North Perry", "Hollywood"
"San Francisco Intl", "San Francisco"
"Cut Bank Muni", "Cutbank"
"Acadiana Rgnl", "Louisiana"
"Gainesville Rgnl", "Gainesville"
"Memphis Intl", "Memphis"
"Bisbee Douglas Intl", "Douglas"
"Allen Aaf", "Delta Junction"
"Tstc Waco", "Waco"
"Annette Island", "Annette Island"
"Caribou Muni", "Caribou"
"Little Rock Afb", "Jacksonville"
"Redstone Aaf", "Redstone"
"Pope Field", "Fort Bragg"
"Dalhart Muni", "Dalhart"
"Laughlin Afb", "Del Rio"
"Los Angeles Intl", "Los Angeles"
"Anniston Metro", "Anniston"
"Cleveland Hopkins Intl", "Cleveland"
"Dover Afb", "Dover"
"Cincinnati Northern Kentucky Intl", "Cincinnati"
"Tipton", "Fort Meade"
"China Lake Naws", "China"
"Huron Rgnl", "Huron"
"Juneau Intl", "Juneau"
"Lafayette Rgnl", "Lafayette"
"Newark Liberty Intl", "Newark"
"Boise Air Terminal", "Boise"
"Creech Afb", "Indian Springs"
"Garden City Rgnl", "Garden City"
"Minot Intl", "Minot"
"Wheeler Aaf", "Wahiawa"
"Maxwell Afb", "Montgomery"
"Robinson Aaf", "Robinson"
"Dallas Love Fld", "Dallas"
"Butts Aaf", "Fort Carson"
"Helena Rgnl", "Helena"
"Miramar Mcas", "Miramar"
"Luke Afb", "Phoenix"
"Hurlburt Fld", "Mary Esther"
"Jack Northrop Fld Hawthorne Muni", "Hawthorne"
"Houlton Intl", "Houlton"
"Vance Afb", "Enid"
"Point Mugu Nas", "Point Mugu"
"Edwards Afb", "Edwards Afb"
"Lake Charles Rgnl", "Lake Charles"
"Kona Intl At Keahole", "Kona"
"Myrtle Beach Intl", "Myrtle Beach"
"Lemoore Nas", "Lemoore"
"Nantucket Mem", "Nantucket"
"Felker Aaf", "Fort Eustis"
"Campbell Aaf", "Hopkinsville"
"Ronald Reagan Washington Natl", "Washington"
"Patuxent River Nas", "Patuxent River"
"Palacios Muni", "Palacios"
"Arkansas Intl", "Blytheville"
"Atlantic City Intl", "Atlantic City"
"Tinker Afb", "Oklahoma City"
"Elizabeth City Cgas Rgnl", "Elizabeth City"
"Pueblo Memorial", "Pueblo"
"Northern Maine Rgnl At Presque Isle", "Presque Isle"
"Kirtland Air Force Base", "Kirtland A.f.b."
"Gray Aaf", "Fort Lewis"
"Kodiak", "Kodiak"
"Upolu", "Opolu"
"Fort Lauderdale Hollywood Intl", "Fort Lauderdale"
"Davis Fld", "Muskogee"
"Falls Intl", "International Falls"
"Salt Lake City Intl", "Salt Lake City"
"Childress Muni", "Childress"
"Keesler Afb", "Biloxi"
"Lawson Aaf", "Fort Benning"
"Kingsville Nas", "Kingsville"
"Marshall Aaf", "Fort Riley"
"Harrisburg Intl", "Harrisburg"
"Lincoln", "Lincoln"
"Capital City", "Lansing"
"Waimea Kohala", "Kamuela"
"Massena Intl Richards Fld", "Massena"
"Hickory Rgnl", "Hickory"
"Albert Whitted", "St. Petersburg"
"Page Fld", "Fort Myers"
"George Bush Intercontinental", "Houston"
"Millinocket Muni", "Millinocket"
"Andrews Afb", "Camp Springs"
"Smith Reynolds", "Winston-salem"
"Southern California Logistics", "Victorville"
"Bob Sikes", "Crestview"
"Wheeler Sack Aaf", "Fort Drum"
"St Clair Co Intl", "Port Huron"
"Meadows Fld", "Bakersfield"
"El Paso Intl", "El Paso"
"Valley Intl", "Harlingen"
"Columbia Metropolitan", "Columbia"
"Davis Monthan Afb", "Tucson"
"Pensacola Nas", "Pensacola"
"Pensacola Rgnl", "Pensacola"
"Grand Forks Afb", "Red River"
"William P Hobby", "Houston"
"Buckley Afb", "Buckley"
"Northway", "Northway"
"Palmer Muni", "Palmer"
"Pittsburgh Intl", "Pittsburgh"
"Wiley Post Will Rogers Mem", "Barrow"
"Ellington Fld", "Houston"
"Whidbey Island Nas", "Whidbey Island"
"Alice Intl", "Alice"
"Moody Afb", "Valdosta"
"Miami Intl", "Miami"
"Seattle Tacoma Intl", "Seattle"
"Lovell Fld", "Chattanooga"
"Igor I Sikorsky Mem", "Stratford"
"Jackson Evers Intl", "Jackson"
"Scholes Intl At Galveston", "Galveston"
"Long Beach", "Long Beach"
"Dillingham", "Dillingham"
"Williamsport Rgnl", "Williamsport"
"Indianapolis Intl", "Indianapolis"
"Whiteman Afb", "Knobnoster"
"Akron Fulton Intl", "Akron"
"Greenwood Leflore", "Greenwood"
"Westchester Co", "White Plains"
"Francis S Gabreski", "West Hampton Beach"
"Jonesboro Muni", "Jonesboro"
"Tonopah Test Range", "Tonopah"
"Palm Beach Co Park", "West Palm Beach"
"North Island Nas", "San Diego"
"Biggs Aaf", "El Paso"
"Yuma Mcas Yuma Intl", "Yuma"
"Cavern City Air Terminal", "Carlsbad"
"Duluth Intl", "Duluth"
"Bethel", "Bethel"
"Bowman Fld", "Louisville"
"Sierra Vista Muni Libby Aaf", "Fort Huachuca"
"Lihue", "Lihue"
"Terre Haute Intl Hulman Fld", "Terre Haute"
"Havre City Co", "Havre"
"Grant Co Intl", "Grant County Airport"
"Edward F Knapp State", "Montpelier"
"San Nicolas Island Nolf", "San Nicolas Island"
"Richmond Intl", "Richmond"
"Shreveport Rgnl", "Shreveport"
"Merle K Mudhole Smith", "Cordova"
"Norfolk Intl", "Norfolk"
"Southeast Texas Rgnl", "Beaumont"
"Savannah Hilton Head Intl", "Savannah"
"Hill Afb", "Ogden"
"Nome", "Nome"
"Scappoose Industrial Airpark", "San Luis"
"St Petersburg Clearwater Intl", "St. Petersburg"
"Menominee Marinette Twin Co", "Macon"
"Lone Star Executive", "Conroe"
"Deadhorse", "Deadhorse"
"San Antonio Intl", "San Antonio"
"Greater Rochester Intl", "Rochester"
"Patrick Afb", "Coco Beach"
"Teterboro", "Teterboro"
"Ellsworth Afb", "Rapid City"
"Raleigh Durham Intl", "Raleigh-durham"
"James M Cox Dayton Intl", "Dayton"
"Kenai Muni", "Kenai"
"Mc Alester Rgnl", "Mcalester"
"Niagara Falls Intl", "Niagara Falls"
"Coulter Fld", "Bryan"
"Wright Aaf", "Wright"
"Newport News Williamsburg Intl", "Newport News"
"Esler Rgnl", "Alexandria"
"Altus Afb", "Altus"
"Tucson Intl", "Tucson"
"Minot Afb", "Minot"
"Beale Afb", "Marysville"
"Greater Kankakee", "Kankakee"
"Seymour Johnson Afb", "Goldsboro"
"Theodore Francis Green State", "Providence"
"Salisbury Ocean City Wicomico Rgnl", "Salisbury"
"Rancho Murieta", "Rancho Murieta"
"Bob Hope", "Burbank"
"Detroit Metro Wayne Co", "Detroit"
"Tampa Intl", "Tampa"
"Pembina Muni", "Pembina"
"Polk Aaf", "Fort Polk"
"Eielson Afb", "Fairbanks"
"Chisholm Hibbing", "Hibbing"
"Angelina Co", "Lufkin"
"Midland Intl", "Midland"
"Austin Straubel Intl", "Green Bay"
"Ardmore Muni", "Ardmore"
"Mc Guire Afb", "Wrightstown"
"Cherry Point Mcas", "Cherry Point"
"Emanuel Co", "Santa Barbara"
"Augusta Rgnl At Bush Fld", "Bush Field"
"Sloulin Fld Intl", "Williston"
"Adams Fld", "Little Rock"
"Stewart Intl", "Newburgh"
"Baudette Intl", "Baudette"
"Sacramento Executive", "Sacramento"
"Homer", "Homer"
"Waynesville Rgnl Arpt At Forney Fld", "Fort Leonardwood"
"Dobbins Arb", "Marietta"
"Fairchild Afb", "Spokane"
"Roscommon Co", "Houghton Lake"
"Tyndall Afb", "Panama City"
"Dallas Fort Worth Intl", "Dallas-Fort Worth"
"Melbourne Intl", "Melbourne"
"Mc Chord Afb", "Tacoma"
"Austin Bergstrom Intl", "Austin"
"Rickenbacker Intl", "Columbus"
"Sawyer Intl", "Gwinn"
"Mc Ghee Tyson", "Knoxville"
"Hood Aaf", "Fort Hood"
"Lambert St Louis Intl", "St. Louis"
"Millville Muni", "Millville"
"Sheppard Afb Wichita Falls Muni", "Wichita Falls"
"Cincinnati Muni Lunken Fld", "Cincinnati"
"Hartsfield Jackson Atlanta Intl", "Atlanta"
"Castle", "Merced"
"Mc Clellan Afld", "Sacramento"
"Gerald R Ford Intl", "Grand Rapids"
"Winkler Co", "Wink"
"Fresno Yosemite Intl", "Fresno"
"Vero Beach Muni", "Vero Beach"
"Imperial Co", "Imperial"
"Nashville Intl", "Nashville"
"Laredo Intl", "Laredo"
"Elmendorf Afb", "Anchorage"
"Ralph Wien Mem", "Kotzebue"
"Altoona Blair Co", "Altoona"
"Dyess Afb", "Abilene"
"South Arkansas Rgnl At Goodwin Fld", "El Dorado"
"La Guardia", "New York"
"Tallahassee Rgnl", "Tallahassee"
"Dupage", "West Chicago"
"Waco Rgnl", "Waco"
"Augusta State", "Augusta"
"Hillsboro Muni", "Hillsboro"
"Jacksonville Nas", "Jacksonville"
"Mc Kellar Sipes Rgnl", "Jackson"
"Molokai", "Molokai"
"Godman Aaf", "Fort Knox"
"New River Mcas", "Jacksonville"
"San Angelo Rgnl Mathis Fld", "San Angelo"
"Calexico Intl", "Calexico"
"Chico Muni", "Chico"
"Burlington Intl", "Burlington"
"Jacksonville Intl", "Jacksonville"
"Durango La Plata Co", "Durango"
"Washington Dulles Intl", "Washington"
"Easterwood Fld", "College Station"
"Felts Fld", "Spokane"
"General Mitchell Intl", "Milwaukee"
"Abilene Rgnl", "Abilene"
"Columbia Rgnl", "Columbia"
"Portland Intl", "Portland"
"Dade Collier Training And Transition", "Miami"
"Palm Beach Intl", "West Palm Beach"
"Fort Worth Meacham Intl", "Fort Worth"
"Ogdensburg Intl", "Ogdensburg"
"Otis Angb", "Falmouth"
"Boeing Fld King Co Intl", "Seattle"
"Lackland Afb Kelly Fld Annex", "San Antonio"
"Honolulu Intl", "Honolulu"
"Des Moines Intl", "Des Moines"
"Craven Co Rgnl", "New Bern"
"San Diego Intl", "San Diego"
"Monroe Rgnl", "Monroe"
"Shaw Afb", "Sumter"
"Ontario Intl", "Ontario"
"Majors", "Greenvile"
"Roswell Intl Air Center", "Roswell"
"Coleman A Young Muni", "Detroit"
"Brownsville South Padre Island Intl", "Brownsville"
"Dothan Rgnl", "Dothan"
"Cape May Co", "Wildwood"
"Fallon Nas", "Fallon"
"Selfridge Angb", "Mount Clemens"
"Four Corners Rgnl", "Farmington"
"Corpus Christi Intl", "Corpus Christi"
"Syracuse Hancock Intl", "Syracuse"
"Key West Nas", "Key West"
"Chicago Midway Intl", "Chicago"
"Norman Y Mineta San Jose Intl", "San Jose"
"Lea Co Rgnl", "Hobbs"
"Northeast Philadelphia", "Philadelphia"
"Denver Intl", "Denver"
"Philadelphia Intl", "Philadelphia"
"Sioux Gateway Col Bud Day Fld", "Sioux City"
"Middle Georgia Rgnl", "Macon"
"Truth Or Consequences Muni", "Truth Or Consequences"
"Palmdale Rgnl Usaf Plt 42", "Palmdale"
"Randolph Afb", "San Antonio"
"El Centro Naf", "El Centro"
"Port Columbus Intl", "Columbus"
"Drake Fld", "Fayetteville"
"Henry Post Aaf", "Fort Sill"
"Princeton Muni", "Princeton"
"Wright Patterson Afb", "Dayton"
"Edward G Pitka Sr", "Galena"
"Chandler Muni", "Chandler"
"Mineral Wells", "Mineral Wells"
"Mc Connell Afb", "Wichita"
"New Orleans Nas Jrb", "New Orleans"
"Beaufort", "Beaufort"
"Texarkana Rgnl Webb Fld", "Texarkana"
"Plattsburgh Intl", "Plattsburgh"
"Phillips Aaf", "Aberdeen"
"Tucumcari Muni", "Tucumcari"
"Ted Stevens Anchorage Intl", "Anchorage"
"Robert Gray Aaf", "Killeen"
"Black Rock", "Zuni Pueblo"
"Bellingham Intl", "Bellingham"
"Millington Rgnl Jetport", "Millington"
"Elkins Randolph Co Jennings Randolph", "Elkins"
"Hartford Brainard", "Hartford"
"North Central State", "Smithfield"
"Mobile Rgnl", "Mobile"
"Moffett Federal Afld", "Mountain View"
"Santa Fe Muni", "Santa Fe"
"Barking Sands Pmrf", "Barking Sands"
"Beauregard Rgnl", "Deridder"
"Bradshaw Aaf", "Bradshaw Field"
"Nogales Intl", "Nogales"
"Macdill Afb", "Tampa"
"Scott Afb Midamerica", "Belleville"
"Opa Locka", "Miami"
"Del Rio Intl", "Del Rio"
"Southwest Florida Intl", "Fort Myers"
"King Salmon", "King Salmon"
"Muir Aaf", "Muir"
"Kapalua", "Lahania-kapalua"
"John F Kennedy Intl", "New York"
"Homestead Arb", "Homestead"
"Riverside Muni", "Riverside"
"Sherman Aaf", "Fort Leavenworth"
"Wallops Flight Facility", "Wallops Island"
"Holloman Afb", "Alamogordo"
"Willow Grove Nas Jrb", "Willow Grove"
"Cheyenne Rgnl Jerry Olson Fld", "Cheyenne"
"Stockton Metropolitan", "Stockton"
"Charleston Afb Intl", "Charleston"
"Reno Tahoe Intl", "Reno"
"Ketchikan Intl", "Ketchikan"
"Willow Run", "Detroit"
"Vandenberg Afb", "Lompoc"
"Birmingham Intl", "Birmingham"
"Lakehurst Naes", "Lakehurst"
"Eareckson As", "Shemya"
"Nellis Afb", "Las Vegas"
"March Arb", "Riverside"
"Modesto City Co Harry Sham", "Modesto"
"Sacramento Intl", "Sacramento"
"Waukegan Rgnl", "Chicago"
"City Of Colorado Springs Muni", "Colorado Springs"
"Buffalo Niagara Intl", "Buffalo"
"Griffing Sandusky", "Sandusky"
"Snohomish Co", "Everett"
"Mountain Home Afb", "Mountain Home"
"Cedar City Rgnl", "Cedar City"
"Bradley Intl", "Windsor Locks"
"Mc Allen Miller Intl", "Mcallen"
"Norfolk Ns", "Norfolk"
"Westover Arb Metropolitan", "Chicopee Falls"
"Lubbock Preston Smith Intl", "Lubbock"
"Chicago Ohare Intl", "Chicago"
"Boca Raton", "Boca Raton"
"Fairbanks Intl", "Fairbanks"
"Quantico Mcaf", "Quantico"
"Cannon Afb", "Clovis"
"Kaneohe Bay Mcaf", "Kaneohe Bay"
"Offutt Afb", "Omaha"
"Gulkana", "Gulkana"
"Watertown Intl", "Watertown"
"Palm Springs Intl", "Palm Springs"
"Rick Husband Amarillo Intl", "Amarillo"
"Fort Dodge Rgnl", "Fort Dodge"
"Barksdale Afb", "Shreveport"
"Forbes Fld", "Topeka"
"Cotulla Lasalle Co", "Cotulla"
"Wilmington Intl", "Wilmington"
"Baton Rouge Metro Ryan Fld", "Baton Rouge"
"Meridian Nas", "Meridian"
"Tyler Pounds Rgnl", "Tyler"
"Baltimore Washington Intl", "Baltimore"
"Hobart Muni", "Hobart"
"Lanai", "Lanai"
"Alexandria Intl", "Alexandria"
"Condron Aaf", "White Sands"
"Cold Bay", "Cold Bay"
"Tulsa Intl", "Tulsa"
"Sitka Rocky Gutierrez", "Sitka"
"Long Island Mac Arthur", "Islip"
"Minneapolis St Paul Intl", "Minneapolis"
"New Castle", "Wilmington"
"Unalaska", "Unalaska"
"Louis Armstrong New Orleans Intl", "New Orleans"
"Portland Intl Jetport", "Portland"
"Will Rogers World", "Oklahoma City"
"Albany Intl", "Albany"
"Valdez Pioneer Fld", "Valdez"
"Langley Afb", "Hampton"
"John Wayne Arpt Orange Co", "Santa Ana"
"Columbus Afb", "Colombus"
"Kendall Tamiami Executive", "Kendall-tamiami"
"Oceana Nas", "Oceana"
"Grissom Arb", "Peru"
"Natrona Co Intl", "Casper"
"Eglin Afb", "Valparaiso"
"Craig Fld", "Selma"
"Key West Intl", "Key West"
"Charlotte Douglas Intl", "Charlotte"
"Mc Carran Intl", "Las Vegas"
"Orlando Intl", "Orlando"
"Florence Rgnl", "Florence"
"Great Falls Intl", "Great Falls"
"Youngstown Warren Rgnl", "Youngstown"
"Ladd Aaf", "Fort Wainwright"
"Mc Minnville Muni", "Mackminnville"
"Robins Afb", "Macon"
"Pullman-Moscow Rgnl", "Pullman"
"Lewiston Nez Perce Co", "Lewiston"
"Elmira Corning Rgnl", "Elmira"
"Ithaca Tompkins Rgnl", "Ithaca"
"Monterey Peninsula", "Monterey"
"Santa Barbara Muni", "Santa Barbara"
"Daytona Beach Intl", "Daytona Beach"
"Wall Street Heliport", "New York"
"Talkeetna", "Talkeetna"
"Tweed-New Haven Airport", "New Haven"
"Asheville Regional Airport", "Asheville"
"Piedmont Triad", "Greensboro"
"Sioux Falls", "Sioux Falls"
"Manchester Regional Airport", "Manchester NH"
"Naples Muni", "Naples"
"Louisville International Airport", "Louisville"
"Charlottesville-Albemarle", "Charlottesville VA"
"Roanoke Regional", "Roanoke VA"
"Blue Grass", "Lexington KY"
"Evansville Regional", "Evansville"
"Albuquerque International Sunport", "Albuquerque"
"Gallatin Field", "Bozeman"
"Billings Logan International Airport", "Billings"
"Bert Mooney Airport", "Butte"
"Cherry Capital Airport", "Traverse City"
"Hancock County - Bar Harbor", "Bar Harbor"
"Knox County Regional Airport", "Rockland"
"Jackson Hole Airport", "Jacksn Hole"
"Chicago Rockford International Airport ", "Rockford"
"East 34th Street Heliport", "New York"
"Greenville-Spartanburg International", "Greenville"
"Central Illinois Rgnl", "Bloomington"
"Gulfport-Biloxi", "Gulfport"
"Kalamazoo", "Kalamazoo"
"Toledo", "Toledo"
"Fort Wayne", "Fort Wayne"
"Decatur", "Decatur"
"Cedar Rapids", "Cedar Rapids"
"La Crosse Municipal", "La Crosse"
"Central Wisconsin", "Wassau"
"Peoria Regional", "Peoria"
"Appleton", "Appleton"
"Rochester", "Rochester"
"Champaign", "Champaign"
"Manhattan Reigonal", "Manhattan"
"Franklin", "Franklin"
"Grand Junction Regional", "Grand Junction"
"St George Muni", "Saint George"
"David Wayne Hooks Field", "Houston"
"Port O\\'Connor Airfield", "Port O\\'Connor"
"Sarasota Bradenton Intl", "Sarasota"
"Van Nuys", "Van Nuys"
"Arthur Dunn Airpark", "Titusville"
"Quad City Intl", "Moline"
"Panama City Bay Co Intl", "Panama City"
"Orlando", "Orlando"
"Bismarck Municipal Airport", "Bismarck"
"Telluride", "Telluride"
"Rapid City Regional Airport", "Rapid City"
"McClellan-Palomar Airport", "Carlsbad"
"Bishop International", "Flint"
"Redding Muni", "Redding"
"Mahlon Sweet Fld", "Eugene"
"Idaho Falls Rgnl", "Idaho Falls"
"Rogue Valley Intl Medford", "Medford"
"Roberts Fld", "Redmond-Bend"
"Akron Canton Regional Airport", "Akron"
"Huntsville International Airport-Carl T Jones Field", "Huntsville"
"Mid-Ohio Valley Regional Airport", "PARKERSBURG"
"Montgomery Regional Airport ", "MONTGOMERY"
"Tri-Cities Regional Airport", "BRISTOL"
"Barkley Regional Airport", "PADUCAH"
"Glacier Park Intl", "Kalispell"
"Page Municipal Airport", "Page"
"Mbs Intl", "Saginaw"
"Greater Binghamton Edwin A Link Fld", "Binghamton"
"Blythe Airport", "Blythe"
"Petersburg James A. Johnson", "Petersburg"
"Orlando Sanford Intl", "Sanford"
"John Murtha Johnstown-Cambria County Airport", "Johnstown"
"Missoula Intl", "Missoula"
"Grand Canyon National Park Airport", "Grand Canyon"
"Sugar Land Regional Airport", "Sugar Land"
"Centennial", "Denver"
"Clovis Muni", "Clovis"
"Fort Stockton Pecos Co", "Fort Stockton"
"Las Vegas Muni", "Las Vegas"
"West Houston", "Houston"
"La Junta Muni", "La Junta"
"Las Cruces Intl", "Las Cruces"
"Stephens Co", "Breckenridge"
"Draughon Miller Central Texas Rgnl", "Temple"
"Ozona Muni", "Ozona"
"Waikoloa Heliport", "Waikoloa Village"
"Eagle Co Rgnl", "Vail"
"Stapleton", "Denver"
"Cuyahoga County", "Richmond Heights"
"Mansfield Lahm Regional", "Mansfield"
"Columbus Metropolitan Airport", "Columbus"
"Lawton-Fort Sill Regional Airport", "Lawton"
"Fort Collins Loveland Muni", "Fort Collins"
"Flagstaff Pulliam Airport", "Flagstaff"
